{"cameraMode":{"drawMode":0,"name":"Shaded","section":"Shading Mode"},"sceneLighting":true,"audioPlay":false,"sceneViewState":{"showFog":true,"showMaterialUpdate":false,"showSkybox":true,"showFlares":true,"showImageEffects":true,"showParticleSystems":true},"in2DMode":false,"pivot":{"x":-2.3419785499572756,"y":3.449852466583252,"z":-9.901477813720704},"rotation":{"x":-0.059898070991039279,"y":0.1111634224653244,"z":-0.006712581496685743,"w":-0.9919748306274414},"size":14.664904594421387,"orthographic":false}